username,password
orgon1,mikemike
orgon2,mikemike
orgon3,mikemike
orgon4,mikemike
orgon5,mikemike
orgon6,mikemike
orgon7,mikemike
orgon8,mikemike
orgon9,mikemike
orgon10,mikemike
orgon11,mikemike
orgon12,mikemike
orgon13,mikemike
orgon14,mikemike
orgon15,mikemike
orgon16,mikemike
orgon17,mikemike
orgon18,mikemike
orgon19,mikemike
orgon20,mikemike
orgon21,mikemike
orgon22,mikemike
orgon23,mikemike
orgon24,mikemike
orgon25,mikemike
orgon26,mikemike
orgon27,mikemike
orgon28,mikemike
orgon29,mikemike
orgon30,mikemike
orgon31,mikemike
orgon32,mikemike
orgon33,mikemike
orgon34,mikemike
orgon35,mikemike
orgon36,mikemike
orgon37,mikemike
orgon38,mikemike
orgon39,mikemike
orgon40,mikemike
orgon41,mikemike
orgon42,mikemike
orgon43,mikemike
orgon44,mikemike
orgon45,mikemike
orgon46,mikemike
orgon47,mikemike
orgon48,mikemike
orgon49,mikemike
orgon50,mikemike
orgon51,mikemike
orgon52,mikemike
orgon53,mikemike
orgon54,mikemike
orgon55,mikemike
orgon56,mikemike
orgon57,mikemike
orgon58,mikemike
orgon59,mikemike
orgon60,mikemike
orgon61,mikemike
orgon62,mikemike
orgon63,mikemike
orgon64,mikemike
orgon65,mikemike
orgon66,mikemike
orgon67,mikemike
orgon68,mikemike
orgon69,mikemike
orgon70,mikemike
orgon71,mikemike
orgon72,mikemike
orgon73,mikemike
orgon74,mikemike
orgon75,mikemike
orgon76,mikemike
orgon77,mikemike
orgon78,mikemike
orgon79,mikemike
orgon80,mikemike
orgon81,mikemike
orgon82,mikemike
orgon83,mikemike
orgon84,mikemike
orgon85,mikemike
orgon86,mikemike
orgon87,mikemike
orgon88,mikemike
orgon89,mikemike
orgon90,mikemike
orgon91,mikemike
orgon92,mikemike
orgon93,mikemike
orgon94,mikemike
orgon95,mikemike
orgon96,mikemike
orgon97,mikemike
orgon98,mikemike
orgon99,mikemike
orgon100,mikemike
